question,ground_truth,answer,contexts
"Nghiên cứu về chất lượng môi trường đất tại xã An Thạnh I, huyện Cù Lao Dung được thực hiện trên những mô hình canh tác nào?","Nghiên cứu được thực hiện dựa trên việc thu mẫu đất ở bốn mô hình canh tác chiếm diện tích lớn tại khu vực khảo sát, bao gồm: mô hình ao tôm thẻ chân trắng, vườn dừa, vườn nhãn và vườn xoài","Nghiên cứu về chất lượng môi trường đất tại xã An Thạnh I, huyện Cù Lao Dung được thực hiện trên bốn mô hình canh tác: ao tôm thẻ chân trắng, vườn dừa, vườn nhãn và vườn xoài.","['**TÓM TẮT**  \n*Nghiên cứu được thực hiện để so sánh một số chỉ tiêu về chất lượng môi trường đất của các mô hình canh tác ở vùng nước ngọt tại xã An Thạnh I, huyện Cù Lao Dung, tỉnh Sóc Trăng nhằm cung cấp thêm thông tin cho công tác qui hoạch sử dụng đất nông nghiệp của địa phương cũng như hỗ trợ người dân trong việc xây dựng kế hoạch chăm sóc mô hình canh tác hiệu quả. Mẫu đất được thu ở bốn mô hình canh tác chiếm diện tích lớn trong khu vực (ao tôm thẻ chân trắng, vườn dừa, vườn nhãn và vườn xoài). Nghiên cứu được tiến hành trong mùa mưa do đây là thời điểm người dân bắt đầu mùa vụ mới. Kết quả nghiên cứu cho thấy giá trị EC đất ghi nhận được ở ngưỡng trung bình (0,889 - 4,32 dS/m), giá trị pH đất nằm trong khoảng 4,5 – 5,5 được đánh giá là đất chua. Các chỉ tiêu như đạm tổng số (0,133 – 0,168%) và kali tổng số (0,15 - 0,20%) đều ở mức trung bình – khá, giá trị trung bình lân tổng (0,044 - 0,053%) trong đất thấp. Cần có kế hoạch chuyển đổi cây trồng phù hợp cho vùng đất chua bị nhiễm mặn để gia tăng năng suất, thu nhập cho người dân ở khu vực nghiên cứu.*  \n8  \n*Tạp chí Khoa học Trường Đại học Cần Thơ Tập 57, Số Chuyên đề Môi trường và Biến đổi khí hậu (2021)(1): 8-13*', '# ĐÁNH GIÁ MỘT SỐ CHỈ TIÊU VỀ CHẤT LƯỢNG MÔI TRƯỜNG ĐẤT Ở CÁC MÔ HÌNH CANH TÁC VÙNG NƯỚC NGỌT VÀO MÙA MƯA TẠI HUYỆN CÙ LAO DUNG – TỈNH SÓC TRĂNG  \nNguyễn Ngọc Bảo Châu<sup>*</sup>, Dương Minh Truyền, Lý Văn Lợi và Trương Hoàng Đan\n*Khoa Môi trường và Tài nguyên Thiên nhiên, Trường Đại học Cần Thơ*\n*<sup>*</sup><u>Người chịu trách nhiệm về bài viết: Nguyễn Ngọc Bảo Châu (email: nguyenngocbaochau2908@gmail.com)</u>*  \n**Thông tin chung:**\nNgày nhận bài: 12/04/2021\nNgày nhận bài sửa: 23/08/2021\nNgày duyệt đăng: 15/11/2021  \n**Title:**\nAssessment of some environmental soil quality parameters of fresh-water farming models in rain season in Cu Lao Dung district – Soc Trang province  \n**Từ khóa:**\nAn Thạnh I, Cù Lao Dung, chất lượng môi trường đất, mô hình canh tác  \n**Keywords:**\nAn Thanh I, Cu Lao Dung, Farming model, Soil environmental quality  \n**ABSTRACT**', '| 1.2         | Mô hình trồng dừa               |                                                                                                                      | 9.758001                                 | 106.08899                                  |\n| 2.3         | Mô hình trồng dừa               |                                                                                                                      | 9.713195                                 | 106.115798                                 |  \nTại mỗi mô hình canh tác, 05 mẫu đại diện cho mô hình được thu, sau đó trộn các mẫu lại để thành một mẫu gộp với 1 kg/mẫu đất. Mẫu đất được thu ở tầng đất mặt 0 – 20 cm. Mẫu đất sau khi thu được đựng trong túi nilong sạch, buộc chặt miệng túi tránh rơi vãi và dán nhãn cụ thể cho từng vị trí. Mẫu đất thu được sau đó được gửi tại Trung tâm Kỹ thuật Tiêu chuẩn Đo lường Chất lượng Cần Thơ để phân tích.  \n[The image shows a map of the sampling locations in the An Thạnh I area, with points marked 1.1, 1.2, 1.3, 2.1, 2.2, and 2.3 along a river or canal system. A north arrow and scale bar are present.]  \n**Hình 1. Sơ đồ vị trí thu mẫu đất**  \n9', '### 2.3. Phương pháp đánh giá chất lượng đất  \nChất lượng đất của khu vực nghiên cứu được đánh giá bằng cách so sánh số liệu sau khi phân tích được với thang đánh giá EC áp dụng cho đất nhiễm mặn của Phòng quản lí Tài nguyên và Môi trường Queensland, 2013 được trích dẫn bởi Nguyễn Văn Đức Tiến và Võ Nhất Sinh (2016). Giá trị pH, hàm lượng đạm tổng trong đất, hàm lượng lân tổng và hàm lượng kali tổng trong đất được so sánh theo thang đo của Cẩm nang Ngành Lâm nghiệp chương Đất và Dinh dưỡng đất, kết hợp so sánh với TCVN 7373:2004, TCVN 7374:2004 và TCVN 7375:2004 cột giá trị đất mặt và đất phèn.  \nĐối với kết quả phân tích 03 mẫu đất thu được tại mô hình canh tác dừa, giá trị trung bình của 03 mẫu này được sử dụng để làm cơ sở so sánh với các mô hình còn lại.', '**ABSTRACT**  \n*The study was conducted to compare some environmental parameters of soil quality in cultivation models in freshwater areas in An Thanh I commune, Cu Lao Dung district, Soc Trang province in order to provide more information for local agricultural land use planning as well as support local people in developing an care plan for farming models effectively. Soil samples were collected in four farming models, which occupied a large area in the study site including whiteleg shrimp pond, coconut garden, longan garden and mango garden. The study was conducted during the rainy season because local people start a new crop at this time. Research results show that the soil EC value recorded is in the average range (0.889 – 4.32 dS/m), soil pH ranges around 4.5 - 5.5 considered acidic soil. Parameters of total nitrogen (0.133 – 0.168%) and total potassium (0.15 – 0.20%) are in the average - high level, the average value of total phosphorus (0.044 – 0.053%) in the soil is low. It is essential to have a suitable plan of crop conversion for acidic and salinity soil areas in order to increase productivity and income for the community in the research site.*  \n**TÓM TẮT**']"
Giá trị độ dẫn điện (EC) trong mô hình vườn xoài là bao nhiêu và được phân loại ở ngưỡng mặn nào so với các mô hình còn lại?,"Mô hình trồng xoài có giá trị độ dẫn điện (EC) cao nhất đạt 4,32 dS/m và được xếp vào nhóm mặn trung bình, có mức độ ảnh hưởng tương đối đến năng suất cây trồng. Các mô hình còn lại (dừa, ao tôm, nhãn) có giá trị EC thấp hơn, dao động từ 0,89 dS/m đến 1,6 dS/m và được phân loại vào nhóm đất mặn ít.","Giá trị độ dẫn điện (EC) trong mô hình vườn xoài là 4,32 dS/m, thuộc nhóm mặn trung bình, ảnh hưởng tương đối đến năng suất cây trồng. So với các mô hình còn lại, giá trị EC ở mô hình vườn xoài cao gấp đôi so với các giá trị ở mô hình canh tác tôm (0,99 dS/m), dừa (1,624 dS/m) và nhãn (0,889 dS/m).","['| Vườn nhãn        | 0.889     |\n| Vườn xoài        | 4.32      |  \n**Hình 2. Biểu đồ thể hiện giá trị EC tại các mô hình canh tác**  \nBảng đánh giá độ mặn của Nguyễn Văn Đức Tiến và Võ Nhất Sinh (2016) cho thấy đất tại mô hình trồng xoài có giá trị EC là 4,32 dS/m, thuộc nhóm mặn trung bình, ảnh hưởng tương đối đến năng suất cây trồng. Do đó, cần có kế hoạch rửa mặn cho đất hoặc chuyển đổi sang mô hình có khả năng chịu mặn tốt hơn. Các mô hình còn lại là dừa, tôm và nhãn với giá trị EC lần lượt là 1,6 dS/m, 0,89 dS/m, 0,99 dS/m được phân loại vào nhóm đất mặn ít, không ảnh hưởng nhiều đến cây trồng. Tuy nhiên, việc thường xuyên theo dõi độ mặn nguồn nước trước khi thực hiện tưới tiêu là cần thiết để tránh gia tăng độ mặn tích luỹ trong đất.', 'Như vậy, giá trị EC thu được trên mô hình canh tác tôm thấp hơn so với giá trị trung bình khoảng 1 dS/m. Nhìn chung, EC ở mô hình trồng xoài cao gấp đôi so với các giá trị ở mô hình canh tác tôm, dừa và nhãn. Có nhiều nguyên nhân dẫn đến tình trạng đất ở mô hình nuôi tôm có nồng độ mặn thấp hơn so với các mô hình canh tác khác, đặc biệt là vườn xoài. Những năm gần đây, hạn mặn thường xuyên dẫn đến nước mặn ăn sâu vào trong đất liền. Theo Nguyễn Thị Hồng Điệp và ctv. (2019), gần như toàn khu vực huyện Cù Lao Dung nằm trong ranh giới mặn trên 24‰. Mặc dù Cù Lao Dung có hệ thống đê bao nhưng vẫn chưa hoàn thiện, dẫn đến nước mặn len lỏi vào trong hệ thống kênh, rạch bên trong. Khi người dân sử dụng nước tưới thì lượng muối tích luỹ dần qua các năm, dẫn đến nồng độ muối trong đất tăng cao. Ngược lại, đa phần người dân nuôi tôm đều phủ bạt nền đất, do đó, nước mặn rất khó để thấm vào trong đất.  \n| Mô hình canh tác | EC (dS/m) |\n| ---------------- | --------- |\n| Ao tôm           | 0.99      |\n| Dừa              | 1.624     |\n| Vườn nhãn        | 0.889     |\n| Vườn xoài        | 4.32      |  \n**Hình 2. Biểu đồ thể hiện giá trị EC tại các mô hình canh tác**', '## 3. KẾT QUẢ VÀ THẢO LUẬN  \n### 3.1. Giá trị EC  \nKết quả phân tích độ dẫn điện của mẫu đất theo tỷ lệ chiết 1:5 (m/V) được trình bày ở Hình 2. Kết quả quan trắc được cho thấy mô hình trồng xoài có giá trị EC cao nhất là 4,32 dS/m, tiếp đến là dừa (1,624 dS/m). Thấp nhất là giá trị thu được ở mô hình trồng nhãn (0,889 dS/m). Giá trị trung bình của EC trên tất cả các mô hình canh tác ở khu vực thu mẫu là 1,956 dS/m.', '| Vườn xoài        | 0.140         |  \n**Hình 4. Biểu đồ thể hiện giá trị đạm tổng số (%) quan trắc được tại các mô hình canh tác**  \nKết quả thể hiện trên biểu đồ cho thấy hàm lượng đạm trong đất ở khu vực nghiên cứu dao động từ 0,133% đến 0,168%. So sánh với Bảng đánh giá hàm lượng đạm tổng số trong đất thuộc Cẩm nang ngành Lâm nghiệp được xếp vào nhóm đất có lượng đạm trung bình – khá.  \nHàm lượng đạm tổng trong đất tại mô hình trồng dừa cao nhất so với các mô hình canh tác còn lại, yếu tố này có thể chịu ảnh hưởng từ việc không sử dụng nước tưới cho loại cây trồng này khiến quá trình rửa trôi các chất dinh dưỡng ít hơn so với các mô hình canh tác khác.  \nSo sánh với TCVN 7373:2004 cho thấy hàm lượng đạm tổng trung bình tại khu vực nghiên cứu là 0,149%, thấp hơn giá trị trung bình đối với đất phèn là 0,293% và đất mặn là 0,156%.  \n#### b. Hàm lượng lân tổng (%) trong đất  \nGiá trị lân tổng trong đất sau khi phân tích được trình bày ở Hình 5. Kết quả thể hiện qua biểu đồ cho thấy hàm lượng lân tổng trong đất dao động từ 0,044% đến 0,053%, được xếp vào nhóm đất IV – đất nghèo lân.', '### 3.2. Giá trị pH  \nTheo Phan Quốc Hưng và Trần Thị Hồng Thơm (2016), pH là một trong những chỉ tiêu quan trọng để đánh giá chất lượng đất đai.  \n10  \nTạp chí Khoa học Trường Đại học Cần Thơ Tập 57, Số Chuyên đề Môi trường và Biến đổi khí hậu (2021)(1): 8-13  \nBiểu đồ giá trị pH đất (Hình 3) tỷ lệ trích 1:5 của 4 loại mô hình canh tác cho thấy giá trị pH cao nhất tại mô hình trồng xoài là 4,69, thấp nhất là mô hình canh tác dừa với 4,17. Trong đó, pH đất trung bình của ao tôm là 4,52, đứng thứ 2 trong 4 mô hình canh tác đo được.  \n| Mô hình canh tác | pH   |\n| ---------------- | ---- |\n| Ao tôm           | 4.52 |\n| Dừa              | 4.17 |\n| Vườn nhãn        | 4.28 |\n| Vườn xoài        | 4.69 |  \n**Hình 3. Biểu đồ giá trị pH tại các mô hình canh tác**  \nGiá trị pH đất của 4 mô hình canh tác dao động từ 4,4 đến 4,69 được Cẩm nang ngành Lâm nghiệp đánh giá là đất chua. Nếu để đất chua trong thời gian dài sẽ dẫn đến bạc màu, sức sản xuất kém dẫn đến năng suất và chất lượng cây trồng giảm (Nguyễn Bảo Vệ, 2013).']"
Tại sao độ mặn (EC) trong đất ở mô hình nuôi tôm lại thấp hơn đáng kể so với mô hình trồng xoài dù khu vực này thường xuyên bị hạn mặn?,"Nguyên nhân chính là do đa phần người dân nuôi tôm đều sử dụng bạt để phủ nền đất, điều này khiến cho nước mặn rất khó thấm được vào bên trong đất. Ngược lại, đối với mô hình trồng xoài hay các vườn cây khác, khi người dân dùng nước tưới lấy từ kênh rạch đã bị nhiễm mặn, lượng muối sẽ tích luỹ dần vào đất qua các năm làm nồng độ muối trong đất tăng lên mức cao.","Độ mặn (EC) trong đất ở mô hình nuôi tôm thấp hơn đáng kể so với mô hình trồng xoài do một số nguyên nhân. Cụ thể, người dân nuôi tôm thường phủ bạt nền đất, điều này khiến nước mặn rất khó thấm vào trong đất. Ngược lại, trong mô hình trồng xoài, đất có nồng độ mặn cao hơn do hạn mặn thường xuyên dẫn đến nước mặn ăn sâu vào trong đất liền. Mặc dù khu vực này có hệ thống đê bao nhưng vẫn chưa hoàn thiện, dẫn đến nước mặn len lỏi vào trong hệ thống kênh, rạch bên trong, làm tăng nồng độ muối trong đất.","['Như vậy, giá trị EC thu được trên mô hình canh tác tôm thấp hơn so với giá trị trung bình khoảng 1 dS/m. Nhìn chung, EC ở mô hình trồng xoài cao gấp đôi so với các giá trị ở mô hình canh tác tôm, dừa và nhãn. Có nhiều nguyên nhân dẫn đến tình trạng đất ở mô hình nuôi tôm có nồng độ mặn thấp hơn so với các mô hình canh tác khác, đặc biệt là vườn xoài. Những năm gần đây, hạn mặn thường xuyên dẫn đến nước mặn ăn sâu vào trong đất liền. Theo Nguyễn Thị Hồng Điệp và ctv. (2019), gần như toàn khu vực huyện Cù Lao Dung nằm trong ranh giới mặn trên 24‰. Mặc dù Cù Lao Dung có hệ thống đê bao nhưng vẫn chưa hoàn thiện, dẫn đến nước mặn len lỏi vào trong hệ thống kênh, rạch bên trong. Khi người dân sử dụng nước tưới thì lượng muối tích luỹ dần qua các năm, dẫn đến nồng độ muối trong đất tăng cao. Ngược lại, đa phần người dân nuôi tôm đều phủ bạt nền đất, do đó, nước mặn rất khó để thấm vào trong đất.  \n| Mô hình canh tác | EC (dS/m) |\n| ---------------- | --------- |\n| Ao tôm           | 0.99      |\n| Dừa              | 1.624     |\n| Vườn nhãn        | 0.889     |\n| Vườn xoài        | 4.32      |  \n**Hình 2. Biểu đồ thể hiện giá trị EC tại các mô hình canh tác**', '| Vườn nhãn        | 0.889     |\n| Vườn xoài        | 4.32      |  \n**Hình 2. Biểu đồ thể hiện giá trị EC tại các mô hình canh tác**  \nBảng đánh giá độ mặn của Nguyễn Văn Đức Tiến và Võ Nhất Sinh (2016) cho thấy đất tại mô hình trồng xoài có giá trị EC là 4,32 dS/m, thuộc nhóm mặn trung bình, ảnh hưởng tương đối đến năng suất cây trồng. Do đó, cần có kế hoạch rửa mặn cho đất hoặc chuyển đổi sang mô hình có khả năng chịu mặn tốt hơn. Các mô hình còn lại là dừa, tôm và nhãn với giá trị EC lần lượt là 1,6 dS/m, 0,89 dS/m, 0,99 dS/m được phân loại vào nhóm đất mặn ít, không ảnh hưởng nhiều đến cây trồng. Tuy nhiên, việc thường xuyên theo dõi độ mặn nguồn nước trước khi thực hiện tưới tiêu là cần thiết để tránh gia tăng độ mặn tích luỹ trong đất.', '| 1.1         | Mô hình trồng xoài              | Trồng giống xoài Cát Chu, diện tích là 0,3 ha, cây có độ tuổi 3 – 4 năm, mật độ trồng thưa, mỗi cây cách nhau 5-8 m. | 9.747837                                 | 106.083383                                 |\n| 1.3         | Mô hình trồng nhãn              | Trồng nhãn giống Ido, diện tích là 1 ha, cây có độ tuổi 1 – 2 năm, mật độ trồng thưa, mỗi cây cách nhau 5-6 m.       | 9.751629                                 | 106.087858                                 |\n| 2.2         | Mô hình nuôi tôm thẻ chân trắng | Ao tôm bán thâm canh, diện tích là 0,5 ha, độ sâu 2 – 3m, có lót bạt, nuôi tôm thẻ chân trắng mật độ 50-60 con/m².   | 9.720993                                 | 106.116409                                 |\n| 2.1         | Mô hình trồng dừa               | Trồng giống dừa ta, diện tích là 1 ha, cây có độ tuổi 6 – 7 năm, mật độ trồng thưa, mỗi cây cách nhau 5-7 m.         | 9.724326                                 | 106.119314                                 |', '**TÓM TẮT**  \n*Nghiên cứu được thực hiện để so sánh một số chỉ tiêu về chất lượng môi trường đất của các mô hình canh tác ở vùng nước ngọt tại xã An Thạnh I, huyện Cù Lao Dung, tỉnh Sóc Trăng nhằm cung cấp thêm thông tin cho công tác qui hoạch sử dụng đất nông nghiệp của địa phương cũng như hỗ trợ người dân trong việc xây dựng kế hoạch chăm sóc mô hình canh tác hiệu quả. Mẫu đất được thu ở bốn mô hình canh tác chiếm diện tích lớn trong khu vực (ao tôm thẻ chân trắng, vườn dừa, vườn nhãn và vườn xoài). Nghiên cứu được tiến hành trong mùa mưa do đây là thời điểm người dân bắt đầu mùa vụ mới. Kết quả nghiên cứu cho thấy giá trị EC đất ghi nhận được ở ngưỡng trung bình (0,889 - 4,32 dS/m), giá trị pH đất nằm trong khoảng 4,5 – 5,5 được đánh giá là đất chua. Các chỉ tiêu như đạm tổng số (0,133 – 0,168%) và kali tổng số (0,15 - 0,20%) đều ở mức trung bình – khá, giá trị trung bình lân tổng (0,044 - 0,053%) trong đất thấp. Cần có kế hoạch chuyển đổi cây trồng phù hợp cho vùng đất chua bị nhiễm mặn để gia tăng năng suất, thu nhập cho người dân ở khu vực nghiên cứu.*  \n8  \n*Tạp chí Khoa học Trường Đại học Cần Thơ Tập 57, Số Chuyên đề Môi trường và Biến đổi khí hậu (2021)(1): 8-13*', '## 3. KẾT QUẢ VÀ THẢO LUẬN  \n### 3.1. Giá trị EC  \nKết quả phân tích độ dẫn điện của mẫu đất theo tỷ lệ chiết 1:5 (m/V) được trình bày ở Hình 2. Kết quả quan trắc được cho thấy mô hình trồng xoài có giá trị EC cao nhất là 4,32 dS/m, tiếp đến là dừa (1,624 dS/m). Thấp nhất là giá trị thu được ở mô hình trồng nhãn (0,889 dS/m). Giá trị trung bình của EC trên tất cả các mô hình canh tác ở khu vực thu mẫu là 1,956 dS/m.']"
Đặc điểm chung về độ pH của các mô hình canh tác tại khu vực nghiên cứu là gì và hiện trạng này có thể gây ra những hệ quả nào cho nông nghiệp?,"Giá trị pH đất của cả 4 mô hình canh tác đều dao động ở mức từ 4,4 đến 4,69 (trong đó vườn xoài cao nhất là 4,69 và vườn dừa thấp nhất là 4,17), được đánh giá là loại đất chua. Nếu tình trạng đất chua bị kéo dài sẽ dẫn đến các hệ quả tiêu cực như: đất bị bạc màu, sức sản xuất kém, làm giảm khả năng sinh trưởng cũng như giảm cả năng suất và chất lượng của cây trồng.","Đặc điểm chung về độ pH của các mô hình canh tác tại khu vực nghiên cứu là giá trị pH đất dao động từ 4,17 đến 4,69, được đánh giá là đất chua. Cụ thể, mô hình trồng xoài có giá trị pH cao nhất là 4,69, trong khi mô hình canh tác dừa có giá trị pH thấp nhất là 4,17. Giá trị pH đất trung bình của ao tôm là 4,52, đứng thứ hai trong bốn mô hình canh tác.

Hiện trạng đất chua này có thể gây ra những hệ quả tiêu cực cho nông nghiệp, bao gồm bạc màu đất, sức sản xuất kém, dẫn đến năng suất và chất lượng cây trồng giảm. Nếu để đất chua trong thời gian dài, điều này sẽ ảnh hưởng xấu đến khả năng sinh trưởng của cây trồng.","['### 3.2. Giá trị pH  \nTheo Phan Quốc Hưng và Trần Thị Hồng Thơm (2016), pH là một trong những chỉ tiêu quan trọng để đánh giá chất lượng đất đai.  \n10  \nTạp chí Khoa học Trường Đại học Cần Thơ Tập 57, Số Chuyên đề Môi trường và Biến đổi khí hậu (2021)(1): 8-13  \nBiểu đồ giá trị pH đất (Hình 3) tỷ lệ trích 1:5 của 4 loại mô hình canh tác cho thấy giá trị pH cao nhất tại mô hình trồng xoài là 4,69, thấp nhất là mô hình canh tác dừa với 4,17. Trong đó, pH đất trung bình của ao tôm là 4,52, đứng thứ 2 trong 4 mô hình canh tác đo được.  \n| Mô hình canh tác | pH   |\n| ---------------- | ---- |\n| Ao tôm           | 4.52 |\n| Dừa              | 4.17 |\n| Vườn nhãn        | 4.28 |\n| Vườn xoài        | 4.69 |  \n**Hình 3. Biểu đồ giá trị pH tại các mô hình canh tác**  \nGiá trị pH đất của 4 mô hình canh tác dao động từ 4,4 đến 4,69 được Cẩm nang ngành Lâm nghiệp đánh giá là đất chua. Nếu để đất chua trong thời gian dài sẽ dẫn đến bạc màu, sức sản xuất kém dẫn đến năng suất và chất lượng cây trồng giảm (Nguyễn Bảo Vệ, 2013).', '**TÓM TẮT**  \n*Nghiên cứu được thực hiện để so sánh một số chỉ tiêu về chất lượng môi trường đất của các mô hình canh tác ở vùng nước ngọt tại xã An Thạnh I, huyện Cù Lao Dung, tỉnh Sóc Trăng nhằm cung cấp thêm thông tin cho công tác qui hoạch sử dụng đất nông nghiệp của địa phương cũng như hỗ trợ người dân trong việc xây dựng kế hoạch chăm sóc mô hình canh tác hiệu quả. Mẫu đất được thu ở bốn mô hình canh tác chiếm diện tích lớn trong khu vực (ao tôm thẻ chân trắng, vườn dừa, vườn nhãn và vườn xoài). Nghiên cứu được tiến hành trong mùa mưa do đây là thời điểm người dân bắt đầu mùa vụ mới. Kết quả nghiên cứu cho thấy giá trị EC đất ghi nhận được ở ngưỡng trung bình (0,889 - 4,32 dS/m), giá trị pH đất nằm trong khoảng 4,5 – 5,5 được đánh giá là đất chua. Các chỉ tiêu như đạm tổng số (0,133 – 0,168%) và kali tổng số (0,15 - 0,20%) đều ở mức trung bình – khá, giá trị trung bình lân tổng (0,044 - 0,053%) trong đất thấp. Cần có kế hoạch chuyển đổi cây trồng phù hợp cho vùng đất chua bị nhiễm mặn để gia tăng năng suất, thu nhập cho người dân ở khu vực nghiên cứu.*  \n8  \n*Tạp chí Khoa học Trường Đại học Cần Thơ Tập 57, Số Chuyên đề Môi trường và Biến đổi khí hậu (2021)(1): 8-13*', '**ABSTRACT**  \n*The study was conducted to compare some environmental parameters of soil quality in cultivation models in freshwater areas in An Thanh I commune, Cu Lao Dung district, Soc Trang province in order to provide more information for local agricultural land use planning as well as support local people in developing an care plan for farming models effectively. Soil samples were collected in four farming models, which occupied a large area in the study site including whiteleg shrimp pond, coconut garden, longan garden and mango garden. The study was conducted during the rainy season because local people start a new crop at this time. Research results show that the soil EC value recorded is in the average range (0.889 – 4.32 dS/m), soil pH ranges around 4.5 - 5.5 considered acidic soil. Parameters of total nitrogen (0.133 – 0.168%) and total potassium (0.15 – 0.20%) are in the average - high level, the average value of total phosphorus (0.044 – 0.053%) in the soil is low. It is essential to have a suitable plan of crop conversion for acidic and salinity soil areas in order to increase productivity and income for the community in the research site.*  \n**TÓM TẮT**', 'Phạm Văn Hảo. (2012). *Phương pháp bón phân đạm cho mía theo bảng so màu lá LCC (leaf color chart) trên đất phù sa huyện Cù Lao Dung tỉnh Sóc Trăng* (Luận văn thạc sĩ). Trường Đại học Cần Thơ.  \nPhan Quốc Hưng & Trần Thị Hồng Thơm. (2016). Đánh giá tính chất và mức độ ô nhiễm đất nông nghiệp thuộc lưu vực sông Nhuệ tại huyện Duy Tiên tỉnh Hà Nam. *Tạp chí Khoa học Nông nghiệp Việt Nam*, 14(11), 1741 – 1752.  \nOshunsanya S. O. (2018). Relevance of Soil pH to Agriculture. In Oshunsanya S. (Eds), *Soil pH for Nutrient Availability and Crop Performance* (pp. 3-6). IntechOpen. https://doi.org/10.5772/intechopen.82551.  \nVõ Thị Gương, Dương Minh, Trần Kim Tính & Nguyễn Khởi Nghĩa. (2004). *Nghiên cứu sự suy thoái hóa học và vật liệu đất vườn trồng cam quýt ở ĐBSCL*. Báo cáo tổng kết đề tài nghiên cứu khoa học. Trường Đại học Cần Thơ.  \n13', 'Tương ứng với kết quả ghi nhận được từ Hình 5, hàm lượng photpho tổng trong đất của mô hình trồng dừa vẫn ở vị trí cao nhất so với ba mô hình canh tác còn lại.  \n11  \nTạp chí Khoa học Trường Đại học Cần Thơ Tập 57, Số Chuyên đề Môi trường và Biến đổi khí hậu (2021)(1): 8-13  \n| Mô hình canh tác | Photpho tổng (%) |\n| ---------------- | ---------------- |\n| Ao tôm           | 0.0487           |\n| Dừa              | 0.0526           |\n| Vườn nhãn        | 0.0439           |\n| Vườn xoài        | 0.0495           |  \n**Hình 5. Biểu đồ thể hiện giá trị lân tổng số (%) quan trắc được tại các mô hình canh tác**  \nKết hợp so sánh với TCVN 7374:2004 cho thấy, giá trị lân tổng trong đất tại khu vực nghiên cứu là 0,049%, cao hơn 0,09% so với hàm lượng lân trung bình của đất phèn và thấp hơn so với hàm lượng lân trung bình của đất mặn là 0,041%.  \n*c. Hàm lượng kali tổng (%) trong đất*  \nDựa trên biểu đồ ở Hình 6 cho thấy, giá trị kali tổng trong đất dao động từ 0,15% đến 0,20%. So sánh với Bảng đánh giá K<sub>2</sub>O tổng (%) trong đất thuộc Cẩm nang ngành Lâm nghiệp, hàm lượng kali tổng trong đất tại khu vực nghiên cứu đạt mức trung bình – khá.']"
"Từ kết quả phân tích hàm lượng N-P-K trong đất, nhóm nghiên cứu đã đưa ra nhận định gì về thói quen bón phân của người dân địa phương và đề xuất giải pháp nào?","Kết quả phân tích cho thấy hàm lượng đạm (N) trong đất ở mức trung bình - khá, lân (P) ở mức nghèo và kali (K) ở mức giàu. Sự mất cân đối này (đặc biệt là lượng đạm, lân, kali trong mô hình vườn dừa cao vượt trội) xuất phát từ thói quen sử dụng phân bón thiếu hợp lý của người dân, chủ yếu bón theo kinh nghiệm cá nhân chứ không tuân theo các khuyến cáo kỹ thuật, không thống nhất liều lượng và lạm dụng phân vô cơ. Nhóm nghiên cứu đề xuất cần nghiên cứu để đưa ra các biện pháp điều chỉnh lượng phân bón sử dụng cho từng mô hình canh tác, nhằm giúp giảm chi phí sản xuất, gia tăng thu nhập cho nông hộ và tránh tình trạng gây suy thoái đất.","Nhóm nghiên cứu đã đưa ra nhận định rằng việc sử dụng phân bón không hợp lý của người dân địa phương, cụ thể là loại phân bón và liều lượng sử dụng đạm – lân - kali, tỉ lệ giữa đạm – lân - kali trên từng loại cây trồng và thời gian bón cho từng loại hình canh tác được người dân bón theo kinh nghiệm cá nhân, không theo khuyến cáo kỹ thuật nông nghiệp.

Đề xuất giải pháp là cần nghiên cứu thêm các biện pháp phù hợp nhằm cải tạo đất để nâng cao giá trị pH và kiểm soát độ mặn trong đất thường xuyên, từ đó gia tăng hiệu quả sử dụng phân bón cũng như giảm chi phí trong canh tác. Chính quyền địa phương cần định hướng chuyển đổi cây trồng phù hợp cho từng vùng đất, đặc biệt các khu vực đất đã bị nhiễm mặn cũng như có nguy cơ nhiễm mặn trong tương lai.","['### 3.3. Giá trị tổng N – P – K  \nKết quả thực hiện phỏng vấn nông hộ tại khu vực An Thạnh I – Cù Lao Dung cho thấy các loại phân bón được người dân nơi đây sử dụng nhiều nhất là Ure – Đạm Phú Mỹ chiếm 49%, tiếp theo là NPK chiếm 22%, các loại phân vô cơ khác chiếm 17% và chỉ có 2% phân hữu cơ được sử dụng cho cây trồng.  \nBên cạnh đó, người nông dân được phỏng vấn cho hay họ không bón phân theo quy luật và không có sự thống nhất về liều lượng giữa các hộ (Phạm Văn Hảo, 2012).  \n#### a. Hàm lượng đạm tổng (%) trong đất  \nGiá trị đạm tổng trong đất ghi nhận được sau khi phân tích mẫu đất tại khu vực nghiên cứu được trình bày ở Hình 4.  \n| Mô hình canh tác | Nitơ tổng (%) |\n| ---------------- | ------------- |\n| Ao tôm           | 0.155         |\n| Dừa              | 0.168         |\n| Vườn nhãn        | 0.133         |\n| Vườn xoài        | 0.140         |  \n**Hình 4. Biểu đồ thể hiện giá trị đạm tổng số (%) quan trắc được tại các mô hình canh tác**', 'Kết quả phỏng vấn nông hộ và kết quả của các nghiên cứu thực hiện trước đó tại Cù Lao Dung (Nguyễn Thị Trúc Ngoan, 2015) cho thấy việc sử dụng phân bón không hợp lý của người dân. Loại phân bón và liều lượng sử dụng đạm – lân - kali, tỉ lệ giữa đạm – lân - kali trên từng loại cây trồng và thời gian bón cho từng loại hình canh tác được người dân bón theo kinh nghiệm cá nhân, không theo khuyến cáo kỹ thuật nông nghiệp.  \n| Mô hình canh tác | Kali tổng (%) |\n| ---------------- | ------------- |\n| Ao tôm           | 0.212         |\n| Dừa              | 0.220         |\n| Vườn nhãn        | 0.195         |\n| Vườn xoài        | 0.188         |  \n**Hình 6. Biểu đồ thể hiện giá trị kali tổng số (%) quan trắc được tại các mô hình canh tác**', 'Phạm Văn Hảo. (2012). *Phương pháp bón phân đạm cho mía theo bảng so màu lá LCC (leaf color chart) trên đất phù sa huyện Cù Lao Dung tỉnh Sóc Trăng* (Luận văn thạc sĩ). Trường Đại học Cần Thơ.  \nPhan Quốc Hưng & Trần Thị Hồng Thơm. (2016). Đánh giá tính chất và mức độ ô nhiễm đất nông nghiệp thuộc lưu vực sông Nhuệ tại huyện Duy Tiên tỉnh Hà Nam. *Tạp chí Khoa học Nông nghiệp Việt Nam*, 14(11), 1741 – 1752.  \nOshunsanya S. O. (2018). Relevance of Soil pH to Agriculture. In Oshunsanya S. (Eds), *Soil pH for Nutrient Availability and Crop Performance* (pp. 3-6). IntechOpen. https://doi.org/10.5772/intechopen.82551.  \nVõ Thị Gương, Dương Minh, Trần Kim Tính & Nguyễn Khởi Nghĩa. (2004). *Nghiên cứu sự suy thoái hóa học và vật liệu đất vườn trồng cam quýt ở ĐBSCL*. Báo cáo tổng kết đề tài nghiên cứu khoa học. Trường Đại học Cần Thơ.  \n13', '# TÀI LIỆU THAM KHẢO  \nĐào Châu Thu. (2010). *Suy thoái đất và phục hồi đất bị suy thoái*. Truy cập ngày 21/9/2021. Địa chỉ: https://bitly.com.vn/6cm2n3  \nLê Xuân Định, Nguyễn Mạnh Quân & Phùng Anh Tiến. (2016). *Xâm nhập mặn tại Đồng bằng Sông Cửu long: Nguyên nhân, Tác động và Các giải pháp ứng phó*. Cục Thông tin Khoa học và Công nghệ Quốc gia.  \nNguyễn Thị Trúc Ngoan. (2015). *Phân tích các nhân tố ảnh hưởng đến thu nhập của nông hộ huyện Cù Lao Dung tỉnh Sóc Trăng* (Luận văn thạc sĩ). Trường Đại học Cần Thơ.  \nNguyễn Bảo Vệ. (2013). Bón phân cho cây ăn quả. *Kỷ yếu Hội thảo quốc gia “Nâng cao hiệu quả quản lý và sử dụng phân bón tại Việt Nam*, 5(3), 252 – 265.  \nNguyễn Thị Hồng Điệp, Nguyễn Trọng Cần, Phan Kiều Diễm & Trần Lệ My. (2019). Phân tích không gian các kiểu sử dụng đất dưới tác động xâm nhập mặn tại tỉnh Sóc Trăng. *Tạp chí Khoa học Trường Đại học Cần Thơ*, 55(2), 1-7.  \nNguyễn Văn Đức Tiến & Võ Nhất Sinh. (2016). *Đất nhiễm mặn và phương pháp sử dụng*. Sở Nông nghiệp và Phát triển Nông thôn thành phố Hồ Chí Minh. Truy cập ngày 10 tháng 08 năm 2021. Địa chỉ: https://bitly.com.vn/bpnyng', '**TÓM TẮT**  \n*Nghiên cứu được thực hiện để so sánh một số chỉ tiêu về chất lượng môi trường đất của các mô hình canh tác ở vùng nước ngọt tại xã An Thạnh I, huyện Cù Lao Dung, tỉnh Sóc Trăng nhằm cung cấp thêm thông tin cho công tác qui hoạch sử dụng đất nông nghiệp của địa phương cũng như hỗ trợ người dân trong việc xây dựng kế hoạch chăm sóc mô hình canh tác hiệu quả. Mẫu đất được thu ở bốn mô hình canh tác chiếm diện tích lớn trong khu vực (ao tôm thẻ chân trắng, vườn dừa, vườn nhãn và vườn xoài). Nghiên cứu được tiến hành trong mùa mưa do đây là thời điểm người dân bắt đầu mùa vụ mới. Kết quả nghiên cứu cho thấy giá trị EC đất ghi nhận được ở ngưỡng trung bình (0,889 - 4,32 dS/m), giá trị pH đất nằm trong khoảng 4,5 – 5,5 được đánh giá là đất chua. Các chỉ tiêu như đạm tổng số (0,133 – 0,168%) và kali tổng số (0,15 - 0,20%) đều ở mức trung bình – khá, giá trị trung bình lân tổng (0,044 - 0,053%) trong đất thấp. Cần có kế hoạch chuyển đổi cây trồng phù hợp cho vùng đất chua bị nhiễm mặn để gia tăng năng suất, thu nhập cho người dân ở khu vực nghiên cứu.*  \n8  \n*Tạp chí Khoa học Trường Đại học Cần Thơ Tập 57, Số Chuyên đề Môi trường và Biến đổi khí hậu (2021)(1): 8-13*']"
